,count,mean,std,min,25%,50%,75%,max
GraphGA,1364.0,2.2499755751631154,0.5540641659524973,1.0,1.8542020456870962,2.3453894491960394,2.7328019846488782,2.9992677708743596
