,count,mean,std,min,25%,50%,75%,max
GraphGA,1364.0,0.8428610843059298,0.04779028610812572,0.559964641588725,0.8167179846626468,0.8461070380651354,0.875356343412892,0.9361337478213018
